3,01特,o/x発明者→出願者/x出願→1.5年後出願公開の間の他公表ならセーフ/x明細も異議対象,"・特許出願前にその発明の属する技術の分野における通常の知識を有する者が、 公知技術に基づいて容易に発明をすることができたときは、その発明については、特許を受けることができない。
・同一の発明について異なった日に二以上の特許出願があったときは、最先の発明者による特許出願のみがその発明について特許を受けることができる。 
・特許出願に係る発明が、当該特許出願をした後、当該特許出願が公開される 前に日本国内又は外国において、電気通信回線を通じて公衆に利用可能とな った発明と同一の場合には、特許を受けることができない。
・明細書の発明の詳細な説明の記載要件に関しては、特許異議の申立ての理由とすることができない。",3u,,
8,01特,b/a/c,"IPランドスケープとは、積極的な[1]を策定するために、知財情報および[2]を統合して分析した事業環境と将来の見通しを[3]に提示するものであるといえる。
・1 = 事業戦略や研究開発戦略 or 1 =経営戦略や事業戦略
・2 = 非知財情報(マーケティング情報等のビジネス関連情報) or 2 = 技術文献情報(学術論文等の技術関連情報)
・3 = 株主や顧客 or 3 = 事業責任者や研究開発責任者  or 3 = 経営陣や事業責任者",8,,
10,01特,x/o/x金銭や経済上の利益を含む/x特許権者は他人への通常実施権許諾OK,"職務発明に関して、
・企業の社長や取締役がした発明が職務発明に該当することはない。 
・職務発明をした従業者は、使用者がその職務発明について通常実施権を取得し た場合であっても、実施権の許諾についての対価を請求することができない。 
・従業者が、職務発明について使用者に対して特許を受ける権利をあらかじめ 譲渡することを約束した場合に請求することができる「相当の利益」は、金銭の給付だけに限られる。 
・職務発明について、使用者が特許権を取得した場合、当該職務発明をした従 業者の同意がなければ、使用者は第三者に通常実施権を許諾することができ ない。",10,,
20,01特,o/o/x提供できる/o,"他人の特許に関して、
・他人の特許に対して、特許異議の申立てをすることにより特許を取り消すことができる。 
・他人の特許出願に対して、出願審査の請求をすることができる。 
・他人の特許出願に対して、その特許出願に係る発明と同一の発明が記載された先行文献を情報提供することはできない。 
・他人の特許出願に対して、出願公開の請求をすることはできない。",15-17,,
21,01特,o/o/o/x願書に最初に添付した明細書,"・最後の拒絶理由通知を受けた場合には、 特許請求の範囲に関しては請求項の削除等を目的とした所定の補正しかすることができない。
・最初の拒絶理由通知を受ける前においては、願書に最初に添付した明細書・特許請求の範囲又は図面に記載した事項の範囲内で明細書の補正をすること ができる。
・補正が認められると、補正をした内容は出願時に遡って効力を生じる。
・最後の拒絶理由通知を受けた場合には、当該拒絶理由通知を受けた時の明細書、特許請求の範囲又は図面に記載した事項の範囲内に限り明細書の補正を することができる",21-27,,
28,01特,o30日間の延長請求が可能/o/o/x出願却下,"特商法に規定する手続に関して、
・特許査定の謄本の送達日から30日を経過した後であっても、特許権の設定登録料を納付できることがある。 
・特許査定の謄本の送達後に納付する特許権の設定登録料は、第1年から第3年までの各年分の特許料である。 
・特許査定の謄本の送達後は、特許権の設定登録料の納付前であっても、明細書について補正をすることはできない。 
・特許査定の謄本の送達後に、特許権の設定登録料の納付が所定の期間内にされない場合は、そのことを理由として特許査定が取り消され、拒絶査定とされる。 ",28,,
29,01特,x納付必須/o/x公報発行→査定謄本送達日/x1-3年,"特許料の納付について、
・特許料の納付にかかわらず、特許査定の謄本の送達日から30日以内に特許権の設定登録がされる。 
・特許料の納付の期限は特許査定の謄本の送達日から30日以内が原則であるが、30日間だけ納付期限を延長することができる。 
・特許料の納付の期限は特許公報の発行日から30日以内が原則であるが、30日間だけ納付期限を延長することができる。 
・特許料を納付する際には第1年分の特許料が必要である。",29i,,
31,01特,,,31iu,,
32,01特,o/x出願時→製造時/o/o,"眼鏡メーカーX社は、特許発明P「新規な合金』を用いて軽量化したフレーム と無色透明なレンズを有する眼鏡」に係る特許権を有している。
眼鏡メーカーY社が、合金を用いて軽量化したフレームに色つきのレンズを装着した眼鏡 Qの製造販売を開始していることがわかった。
- 眼鏡Qが、特許発明の特許出願時における公知技術と同一又はその公知技術から当業者が容易に推考できたか否かは、Y社の侵害行為を認定するにあ たり、重要な判断要素となる。
- 特許発明Pのレンズを眼鏡Qのレンズに置き換えることについて、眼鏡 Qの製造技術分野における通常の知識を有する者が、特許発明Pの特許出願 時に容易に想到できたものであるか否かは、Y社の侵害行為を認定するにあ たり、重要な判断要素となる。
- 特許発明Pの特許出願手続において、眼鏡Qを特許請求の範囲から意識的に 除外したか否かは、Y社の侵害行為を認定するにあたり、重要な判断要素となる。
- 特許発明Pのレンズを眼鏡Qのレンズに置き換えて同一の作用効果を奏 するか否かは、Y社の侵害行為を認定するにあたり、重要な判断要素となる。",32,,
33,01特,x請求可能/o/x譲渡数量すべてとは限らない/x立証責任なし,"特許権が侵害された場合の損害賠償請求に関する説明(専用実施権は設定されていないものとする)
- 損害賠償額として実施料相当額以上の金額を請求することはできない。
- 侵害者がその侵害の行為により利益を受けているときは、その利益の額は 許権者が受けた損害の額と推定される。
- 侵害者がその侵害の行為を組成した物を譲渡したときは、その譲渡した物の数量に、特許権者がその侵害の行為がなければ販売することができた物の単位数量あたりの利益の額を乗じて得た額が、特許権者が受けた損害の額となる。
- 損害賠償を請求する場合、特許権者は侵害者の故意又は過失を立証する必要がある。",33,,
34,01特,o/o/x特許原簿/o,"特許権を侵害しているとの警告書を受け取った場合の対応、
- その特許権について、自社が実施権を有していないかどうかを調査する。
- 自社の実施に係る技術が警告書を送付した者の特許権に係る特許発明の技術 的範囲に属するか否かを検討する。
- 警告書を送付した者が現在も真の特許権者であるか否かを、特許公報の写し を入手して確認する。
- 特許を特許無効審判又は特許異議申立てにより消滅させるため、審査段階で 発見されなかった新規性や進歩性を否定する海外の先行技術文献を調査す る。",34,,
35,01特,o/o/x利害関係者のみ/o,"特許無効審判の請求、
- 複数の者は共同で、特許無効審判を請求することができる。
- 利害関係を有する者は、特許無効審判に請求人として、その審判に参加する ことができる。
- 利害関係を有しない法人や自然人であっても、新規性を理由とする特許無効 審判を請求することができる。
- 特許無効審判により、無効審決が確定すると、原則として、特許権は初めか ら存在しなかったものとみなされる。",_,,
36,01特,x立証責任なし/x刑事罰あり/x請求可能/o,"電子部品メーカーX社は、プリント基板Aに関する特許権Pを有し、プリント基板Aの製造販売をしている。
X社の知的財産部の部員甲は、他社が販売しているプリント基板を調査したところ、
Y社のプリント基板Bで特許権Pに係る特許発明が実施されていることが判明したため、差止請求訴訟、損害暗償請求訴訟を 提起することを検討している。
甲の発言
ア「Y社が過失により特許権を侵害していることを立証する責任はわが社に ありますので、早急に証拠を収集しましょう。」
イ「Y社に対する特許権Pについての侵害行為に対する損害賠償が認められた 場合、Y社に対して刑事罰の適用はありません。」
ウ「Y社に対しては、わが社が受けた損害の額として、特許権Pに係る特許発明の実施料相当額以上を請求することはできません。」
エ 「Y社のプリント基板Bの販売差止めだけでなく、Y社の倉庫内のプリント基板Bの廃棄も請求しましょう。」",36i,,
38,01特,o/o/x実施料不要/o,"X社は、電子辞書Aを販売したところ、Y社から警告を受けた。警告の内容は、 X社の電子辞書Aの販売行為がY社の特許権を侵害している旨であった。
X社は、特許権Pに係る特許公報を確認した結果、電子辞書Aが特許権Pに係る特許 発明の構成要件をすべて備えていると判断した。
X社の考え
- 電子辞書Aは、Y社が製造しW社に販売した製品を、X社がW社から仕入れ て販売したものであり、特許権Pは消尽している旨を回答する。
- 特許権Pの出願経過を参照したところ、特許請求の範囲から電子辞書Aを除 外する旨が記載された意見書を提出し、登録されたことが判明した。この意 見書における主張に基づいて、電子辞書Aは特許権Pの権利範囲には含まれない旨を回答する。
- X社は、特許権Pに係る特許出願の日前に独自に発明を完成させて電子辞書 Aの販売の準備をしていたので、先使用権を有すると主張し、Y社に対して 先使用権に基づいて電子辞書Aを実施するための実施料を支払う必要がある。
- 特許権Pに取消理由が存在する場合には、その旨をY社に回答し、特許掲載 公報の発行日から6ヵ月以内に特許異議の申立てを行う。",38e,,
39,01特,xいつでも請求可/o/x誰でも可/x無効理由があれば行使不可,"硝子メーカーX社が新製品のディスプレイ用ガラスの販売を開始したところ、 特許管理会社Y社からX社に、Y社の有する特許権Pを侵害するとして警告書が 届いた。
X社の知的財産部の部員の発言:
-「特許権Pに対して特許無効審判を請求しようと考えています。但し、既に特 許侵害訴訟が提起された場合には、特許無効審判を請求することはできませ ん。」
-「他のメーカーにも同じような警告書が届いているようですので、他社と共同 で特許権Pに対して特許無効審判を請求することもできます。」
-「特許権Pに対する特許異議の申立ては、利害関係人に限りすることができま す。今回警告書が届いたことで利害関係が生じたため、X社が特許異議の申 立てを行うことは可能です。」
-「特許権Pには明らかに無効理由がありますが、Y社が特許侵害訴訟を提起し た場合には、その訴訟においては、特許権Pは無効理由を有するものであり 権利行使が制限される旨を主張することはできません。」",39u,,
43,02意,x承継OK/x職務意匠だが規定がなく甲乙が権利をもつため移転可能/o/x甲乙が権利をもつため出願不可,"時計メーカーX社は、デザイン会社Y社に対して、 新製品の時計のデザインの創作を依頼した。 Y社の社員である甲・乙は 共同でデザインAを創作した。
なお、Y社の職務創作に関する規定において、登録意匠を受ける権利の承継について、別段の定めはないものとする。
X社の知的財産部の部員丙の発言:
・「X社及びY社はデザインAに係る意匠登録を受ける権利を甲及び乙から承継することができないので、甲及び乙が共同で意匠登録出願をしなければな りません。」
・「甲と乙の意匠登録を受ける権利は、一旦、Y社に移転しなければX社に移転 することはできません。」
・「甲は、乙の同意がなければ、デザインAに係る意匠登録を受ける権利の持分 を、X社にもY社にも譲渡することができません。」
・「X社とY社の間にはデザインAに係る業務委託契約があるので、この契約を もってX社はデザインAについて意匠登録出願をすることができます。」",43e,,
44,02意,o/o/o/x需要者,"登録意匠の範囲に関して、
■ 登録意匠の範囲は、願書の記載及び願書に添付した図面に記載され又は願書 に添付した写真、ひな形若しくは見本により現わされた意匠に基づいて判断 される。
■ 特徴記載書の記載は、登録意匠の範囲を定める基準にはならない。
■ 登録意匠に類似する意匠について、意匠権者は独占排他的に実施することが できる。
■ 登録意匠と類似するか否かの判断は、創作者の視覚を通じて起こさせる美感 に基づいて行う。",44i,,
45,02意,x均等論なし/x実施義務なし/o/x需要者,"・ 甲 「意匠権の効力範囲は、 登録意匠に係る物品が同一又は類似の範囲で、か つ、その形態が同一又は類似の範囲になりますか。」
乙「原則はその通りです。但し、均等論の適用により、物品が非類似で、か つ、形態が同一又は類似の場合でも、物品の置換が容易であれば、意匠権の効力が及ぶ場合があります。」

・甲「自社製品が他社の意匠権の効力範囲に入っている場合に、他社に対して、 どのような措置をとることができますか。」
乙 「登録意匠については権利者に実施義務があるので、権利者である他社が 実施していない場合には、不実施取消審判を請求することができます。」

・甲「意匠権の効力の範囲内であっても、意匠権者による登録意匠の実施が制 限される場合はありますか。」
乙「意匠権に専用実施権が設定されている場合には、意匠権者であっても、 その設定範囲内では登録意匠の実施が制限されます。」

・甲「意匠権の効力は、登録意匠と類似する範囲まで及ぶと規定されています が、意匠の類否は、どのように判断すればいいのですか。」
乙「容易に創作できた意匠については登録されないと規定されているので、 意匠の類似も、創作者の視覚を通じて起こさせる美感に基づいて判断さ れます。」",45a,,
48,03商,x略称俗称OK/o/o/o,"商標法における自他商品等の識別力等に関して、
ア 商品の普通名称には、その商品の略称や俗称は含まれない。 
イ 標準文字のローマ字2字からなる商標は、識別力を有しないと判断される。 
ウ 元来識別力を有しないと考えられる商標でも、使用により識別力を有すると 判断されることがある。
エ 商品の産地や品質を普通に用いられる方法で表示する標章のみからなる商標 は、識別力を有しないと判断される。",48,,
49,03商,o/o/x本人の許可あればOK/o,"商標登録出願の審査に関して、
ア 自己の商標登録出願に係る指定商品と他人の商標登録に係る指定商品とが非 類似の場合であっても、その他人の登録商標と同一の商標に係る自己の商標 登録出願について商標登録を受けられない場合がある。
イ 商標登録出願に係る商標について、極めて簡単で、かつ、ありふれた標章の みからなる商標(商標法第3条第1項第5号)に該当する場合であっても、商 標登録を受けることができる場合がある。
ウ 著名な芸名については、その芸名を使用している者の承諾があっても、他人 が商標登録を受けることはできない。
エ 商品の品質又は役務の質の誤認を生ずるおそれがある商標については、識別 力を有していても、商標登録を受けることはできない。",49,,
50,03商,,,50,,
51,03商,,,51,,
52,03商,,,52,,
53,03商,,,53,,
54,03商,,,54,,
55,03商,,,55,,
56,03商,o/o/o/x需要者,"商標又は商品・役務の類否に関して、
・商標の類否は、外観、称呼、観念の各要素に基づいて総合的に判断される。 
・商品・役務の類否は、同一・類似の商標を使用した場合に、出所の混同が生 じるかどうかに基づいて判断される。
・類似群は、互いに類似関係にある商品等を1つのグループとしてまとめたも ので、同じ類似群の商品・役務は原則として互いに類似するものと推定され る。
・商標の類否は、当業者を基準に判断される。",_,,
57,03商,x分割可/o/x類似商品への変更も要旨変更扱い/x審査請求しなくても全実施,"商標登録出願に関して、
・指定商品が二以上であっても、商標登録出願の一部を新たな商標登録出願として分割することができない。
・補正した内容が要旨の変更であると判断されると、審査官の決定によりその補正は却下される。
・指定商品を非類似の商品へ変更する補正は要旨の変更に該当するが、指定商品を類似する商品へ変更する補正は、要旨の変更に該当しない。
・商標登録出願について出願審査請求がされると、その出願の実体審査が開始される。",_,,
58,03商,xイミフ/xイミフ/o/x請求可能,"商標権の効力に関して、
・商標権の効力は、他人が役務の提供の用に供する物を普通に用いられる方法 で表示する商標にも及ぶ。
・商標権者は、その商標登録に係る指定商品について、登録商標に類似する商標を使用する権利を専有する。
・商標が登録された後にその登録商標が普通名称化した場合、商標権の効力が 制限されることがある。
・商標権者は、自己の商標権を侵害した者に対して損害の賠償を請求することはできるが、商標権者の業務上の信用を害した者に対して、業務上の信用を回復するのに必要な措置を請求することはできない。",58ai,,
60,03商,x複数への通常使用権許諾OK/x使用だけではNG・需要者に広く認識されている必要あり/x2か月/o,"商標権に関して、
・商標権者は、複数の者に対して、その商標権について通常使用権を許諾する ことはできない。
・他人の商標登録出願よりも前から日本国内でその商標と同一又は類似する商 標を使用している者は、継続してその商品又は役務について、その商標を使 用する権利を有する。
・登録商標がその出願前から指定商品について慣用的に使用されていた場合。 商標掲載公報の発行日から6ヵ月以内に限り、誰でも登録異議の申立てをす ることができる。
・継続して3年以上、日本国内で商標権者又は使用権者のいずれもが指定商品 又は指定役務に登録商標を使用していないのであれば、不使用取消審判を請求することにより商標権を消滅させることができる。",60iu,,
63,03商,,,63,,
64,03商,,,64,,
65,03商,,,65,,
66,03商,,,66,,
67,04条,x義務なし/o/o/o,"パリ条約による優先権に関して、
・日本に特許出願した後に外国に特許出願する場合には、パリ条約による優先 権を主張しなければならない。
・一の外国出願について、パリ条約による優先権を主張する場合、日本にされ た複数の特許出願を優先権の主張の基礎出願とすることができる。
・日本にした特許出願に基づいて、ある国にパリ条約による優先権の主張をし て特許出願した後、他の国にもパリ条約による優先権の主張をして特許出願 をすることができる。
・日本にした最初の特許出願に基づいて、その出願日から12ヵ月以内である場 合に限り、日本以外の外国に特許出願をする際にパリ条約による優先権の主 張をすることができる。",67e,,
68,04条,o/x利用できる/x日本・欧州・インド・シンガポールの特許庁(国際事務局は含まない)/x国際出願～権利化は国ごと,"特許協力条約(PCT)に係る国際出願に関して、
・ 特許協力条約(PCT)は、特許出願に係る各締約国毎に異なる方式的な手続を 統一する条約である。
・国際出願をする場合は、パリ条約に規定されている制度を利用することはで きない。
・ 日本国特許庁を受理官庁とする英語による国際出願をした場合には、国際調 査は日本国特許庁又は国際事務局が行う。
・特許協力条約(PCT)は、国際出願から特許権の付与に至るまで国際的に統一 して行うことを目的とする。",68ue,,
69,04条,x請求範囲のみ/x公開される/x自国特許庁でもOK/o,"特許協力条約(PCT)に係る国際出願に関して、
・国際調査報告を受け取った出願人は、所定の期間内に国際出願の明細書及び 図面について、1回に限り補正をすることができる。
・国際調査機関の見解書は、国際公開時に公開されることはない。
・国際出願をしようとする者は、世界知的所有権機関の国際事務局のみに出願 をすることができる。
・国際予備審査は、国際調査とは異なり、出願人の請求によりなされる。",69a,,
73,04条,o/o/x無方式主義/o,"ベルヌ条約に定められているものは?
・内国民待遇
・遡及効
・方式主義
・著作者人格権の保護",73,,
74,05著,x固定されたものも含む/x類似方法も含む/o/xデータベースは別,"著作物に関して、
・映画の著作物には、映画の効果に類似する視覚的又は視聴覚的効果を生じさ せる方法で表現され、かつ、物に固定されている著作物は含まれない。
・写真の著作物には、写真の製作方法に類似する方法を用いて表現される著作物は含まれない。
・美術の著作物には、美術工芸品が含まれる。
・データベースの著作物は、編集著作物に含まれる。",74e,,
75,05著,o/o/x素材は何でもいい/o,"・日本国民の著作物でなくても日本で最初に発行された著作物は、日本の著作 権法による保護を受けることができる。
・映画の著作物には、映画の効果に類似する視覚的又は視聴覚的効果を生じさ せる方法で表現され、かつ、物に固定されている著作物が含まれる。
・編集物の素材自体が著作物である場合に限り、編集著作物として保護される。 
・データベースでその情報の選択又は体系的な構成によって創作性を有するものは、著作物として保護される。",75,,
77,05著,ax,"料理を趣味とする甲は、著者が料理研究家乙である、自宅で手軽に作ることができる料理の材料、調理方法及び料理の写真が掲載されている料理本Aを購入した。
料理本Aの利用について、甲は考え1をもっている。
　考え1: 料理本Aに掲載されている料理の調理方法のアイデアを真似して料理を作りたい。この場合、著作権法上、問題となる。
考えについて適切/不適切とその判断理由は?
・料理の調理方法のアイデアは著作物にあたらないと考えられるため 
・甲の行為は複製権の侵害にあたると考えられるため
・甲の行為は私的使用目的と考えられるため",77,,
78,05著,o/o/o/x職務著作の要件=法人の発意・従業者が職務で作る・法人名義・別段の定めなし,"著作権法におけるプログラムの著作物に関する職務著作の 成立要件に該当するもの
・著作物の作成時における契約、勤務規則その他に著作者を法人その他使用者 以外とする規定が定められていないこと
・法人その他使用者の業務に従事する者が職務上著作物を作成すること
・法人その他使用者の発意に基づいて著作物を作成すること
・法人その他使用者が、著作物を創作した従業者に相当の対価を支払うこと",78a,,
79,05著,,,79,,
82,05著,o/o/o/x公表済に対して公表権とは言わない,"著作者人格権に関して、
・建築物の増築、改築、修繕又は模様替えによる改変については、同一性保持 権の侵害とはならない。
・著作者の死亡後においても、その著作者が生存しているとしたならば、その 著作者人格権の侵害となるべき行為をしてはならない。
・氏名表示権は、著作物の原作品の公衆への提供又は提示の際に、著作者の氏名を表示するか否か、表示する場合にはその名義を決定できる権利である。 
・著作者は、自らが一日公表した著作物に対しても、公表権を行使することが できる。",82a,,
83,05著,o/o/o/x相続できないが遺族の権利行使は可能(イミフ),"著作権法における同一性保持権に関して、
・著作物の題号の改変は、同一性保持権の侵害となる可能性が高い。 
・誤字脱字の修正は、同一性保持権の侵害となる可能性が低い。
・建築物の修繕による改変は、著作者の意に反する著作物の改変であっても、同 一性保持権の侵害とならない場合がある。
・同一性保持権は、相続の対象とならないことから、著作者の死後、生前に同 一性保持権を侵害した行為に対して、遺族が権利行使できる場合はない。",83c,,
84,05著,x未発行の/o/o/o,"著作権に関して、
・展示権とは、無断で他人に、美術の著作物又は発行された写真の著作物をこ れらの原作品により公に展示されない権利をいう。
・公衆送信権とは、無断で他人に、著作物を公衆に対して送信されない権利を いう。
・貸与権とは、無断で他人に、著作物をその複製物の貸与により公衆に提供さ れない権利をいう。
・上映権とは、無断で他人に、著作物を公に上映されない権利をいう。",84,,
85,05著,o/o/x頒布権は映画著作物のこと/o,"著作権の享有に関して、
ア 未発行の写真の著作物の著作権者は、その著作物について展示権を有する。 
イ 音楽の著作物の著作権者は、その著作物について貸与権を有する。
ウ プログラムの著作物の著作権者は、その著作物について頒布権を有する。
・言語の著作物の著作権者は、その著作物について口述権を有する。.",85,,
87,05著,x著作権の制限規定や存続期間満了とか例外ある/x登録不要/o/x無方式主義,"外国人の著作物に関して、
・外国人の著作物を利用するためには、必ず著作権者の許諾を得る契約を締結 しなければならない。
・外国人の著作物が日本国内で保護を受けるためには、文化庁に著作権の登録 をする必要がある。
・外国人の著作物については、法定の保護期間に戦時期間を加算して保護され る場合がある。
・外国人の著作物が日本国内で保護を受けるためには、所定の記号等の表示がされている必要がある。",87a,,
88,05著,b/a/a,"次の会話は、X社の法務部の部員甲の著作権の変動に関する質問に対して部員  乙が説明しているものである。
甲「著作権者が死亡して著作権者に相続人がいなかった場合、著作権はどうなるのですか。」
乙「その著作権は、[1]。」
甲「著作権を譲渡する場合に、注意することはありますか。」
乙「著作権を譲渡する契約において、翻訳権、編曲権、変形権、翻案権及び二次的著作物の利用に関する原著作者の権利を譲渡する旨の明示がない場合は、 これらの権利は [2] ものと推定されます。」
甲「著作権を譲渡してその登録をしないと、どのような問題が起こり得ますか。」 
乙「登録をしないと[3] ません。」
[1] 国庫に帰属します or 消滅します or 競売にかけられます
[2] 譲渡した者に留保された or 譲渡した者が放棄した or 自動的に譲渡された
[3] 第三者に対抗することができ or 譲渡の効力が発生し ",88-90,,
91,05著,o/xコンビニコピーとかNG/x引用は公表されたものに限る/x複製による侵害に非該当,"著作権に関して、
・営利目的ではなく、聴衆又は観衆から料金を受けず、実演家に報酬が支払わ れない場合であれば、公表されている著作物を著作権者の許諾を得ずに上演 することができる。
・公衆の使用に供することを目的として設置されている自動複製機器を用いて、著作物を複製する行為は、著作権の侵害となることはない。
・公正な慣行に合致し、正当な範囲内で行われるものであれば、公表されてい ない著作物であっても引用して利用することができる。
・自ら創作した著作物が、それより前に創作された他人の著作物と偶然同じ内 容であったとしても、その他人の著作権を侵害することになる。",91ue,,
92,05著,a/b/b,"著作権の制限に関する次の文章
[1]著作物は、 [2] かつ、聴衆又は観衆から料金 (いずれかの名 義をもってするかを問わず、著作物の提供又は提示につき受ける対価をいう。) を受けない場合には、
[3] 上演し、演奏し、上映し、又は口述することが できる。但し、当該上演等を行う者に対し報酬が支払われる場合は、この限りで ない。

[1] = 公表された  or 未公表の 
[2] = 文化の発展を目的とし or 営利を目的とせず
[3] = 特定の者に対して or 公に",92,,
93,05著,o/o/o/x正当な目的なら引用可能,"著作権の制限に関して、
ア 観客から入場料を徴収する場合は、公益目的の演奏であっても、著作権者の 許諾を得ずに演奏を行うことはできない。
イ 著作権者の許諾を得ずに、私的使用目的の複製を行うことはできるが、コピ ープロテクションを外して複製を行うことはできない。
ウ 正規に購入したコンピュータプログラムのバックアップを目的とするコピー であれば、会社の業務に使用する目的であっても、著作権者の許諾を得ずに コピーをすることができる。
工 公表された映画の著作物については、著作権者の許諾を得ずに引用して利用 することはできない。",93u,,
97,05著,,,97,,
99,05著,cx付随対象著作物に該当,"X社の法務部の部員甲は、 X社の社員からコンテンツの利用方法について相談を受けている。
発言1 「広報部の企画で社員食堂で社員にインタビューしている様子を撮影したところ、この写真Aに、画家乙が描いた風景画の一部分が、社員の後ろに小さく写っていました。
 写真Aをわが社の社内報に掲載するためには、乙の許諾を得る必要がありますよね。」
発言について、適切・不適切を答え、その判断理由を選びなさい。
・著作権を侵害する場合にあたるため
・著作物の定義にあてはまらないため
・著作権が制限される場合にあたるため
・私的使用目的にあたるため",99,,
100,05著,o/o/o/x音の収録時,"著作隣接権に関して、
ア 放送の保護期間は、その放送を行った時に始まり、その放送が行われた日の 属する年の翌年から起算して50年を経過するまでである。
イ 実演の保護期間は、その実演を行った時に始まり、その実演が行われた日の 属する年の翌年から起算して70年を経過するまでである。
ウ 有線放送の保護期間は、その有線放送を行った時に始まり、その有線放送が行われた日の属する年の翌年から起算して50年を経過するまでである。 
エ レコードの保護期間は、そのレコードの販売をした時に始まり、そのレコー ドの販売が開始された日の属する年の翌年から起算して70年を経過するまでである。",100,,
101,05著,x/o/x/x,"著作権等の侵害に関して、
・違法にアップロードされた著作物のうち、音楽又は映像を私的使用目的でダウンロードする行為は違法であるが、漫画、書籍、論文、コンピュータプログラムをダウンロードする行為は違法ではない。
・いわゆるリーチサイトの運営行為やリーチアプリの提供行為について、刑事罰が科されることがある。
・著作隣接権を侵害した者に対して刑事罰が科せられることはない。 
・著作権法上の罪はすべて親告罪である。",101,,
108,05著,x独自開発は不正競争に非該当/o/o/o,"金属製品メーカーX社の研究開発部の部員甲が、防錆処理方法に関する発明A を創作した。X社の法務部において、発明Aについて、特許出願をするか営業秘 密として管理するかを検討するための会議をしている。
甲の発言:
ア「発明Aについて営業秘密としての管理を徹底していれば、独自に発明Aを開 発した他社に対しても侵害の差止めを請求することができますので、営業秘 密として管理しましょう。」
イ 「発明Aについて営業秘密として認められるためには、発明Aが秘密として管理されているということが客観的に認識できることが必要です。」 
ウ「発明Aが、たとえ30年の歳月を費やしたとしても他社には実現できないと 予想される優れた発明である場合には、営業秘密として管理すべきだと思います。」 
エ「発明Aが、他社に無断で実施されると発見が困難な場合には、営業秘密とし て管理すべきだと思います。」",108,,
110,06民,o/x錯誤/x心裡留保/x虚偽表示,"契約における意思表示に関して、
ア 詐欺とは、欺いて他人を錯誤に陥らせ、それにより意思表示をさせることで ある。
イ 虚偽表示とは、表意者が気づかぬまま、内心の意思とは異なる表示行為で意 思表示をすることである。
ウ 強迫とは、真意でないことを知りながら意思表示をさせることである。 
エ 心裡留保とは、相手方と通じて真意ではない意思表示をすることである。",110e,,
112,06独,o/x不公正な取引方法/x損害賠償請求も可能/x不当な取引制限,"独占禁止法に関して、
・パテントプールは、参加者に課すルールが利便性の向上のために合理的に必要と認められるものであっても、  独占禁止法上の問題を生じることがある。 
・特許ライセンス契約において、ライセンスを受けた者に、契約終了後に競合 品を取り扱うことを禁止させることは、不当な取引制限に該当するおそれがある。 
・独占禁止法で禁止されている行為によって被害を受けた者は、差止めを請求 することはできるが、損害賠償を請求することはできない。
・同業他社に対して特許の実施を許諾する契約の際に、実施品及びその類似品 の販売価格について協定を結ぶことは、不公正な取引方法となるおそれがあ る。",112ie,,
113,06独,x不公正な取引方法/x不公正な取引方法/o特許権の行使/x不公正な取引方法,"特許ライセンス契約における、独占禁止法上の不公正な取引方法に該当するおそれが低いもの
・ライセンスを受けた者に対し、 特許ライセンスに係る製品を販売する価格を制限すること
・ライセンスを受けた者が開発した改良発明について、ライセンスをした者に 独占的な実施権の許諾をする義務を課すこと
・ライセンスを受けた者に対し、特許ライセンスに係る製品を輸出し得る地域 を制限すること
・ライセンスを受けた者に対し、ライセンス契約終了後に競合品を取り扱うこ とを禁止すること",113,,
114,06種,o/x不服審判はない/o/o,"種苗法に基づく品種登録に関して、
・種苗法の目的は、品種の育成の振興を図り、農林水産業の発展に寄与するこ とである。
・品種登録出願が拒絶された場合、拒絶査定不服審判を請求することができる。 
・出願品種の種苗が、日本国内において品種登録出願の日前に、業として譲渡 されていた場合には、品種登録を受けることができない場合がある。
・育成者権の存続期間は、品種登録の日から25年(永年性植物にあっては30 年)である。",114,,
115,06種,o存続期間(25or30年)消滅後/o/o/x登録品種を業として利用する権利にあたる,"育成者権の効力が及ばない行為として、
・育成者権者以外の者が、品種登録の日から35年経過後に登録品種の種苗を生 産する行為 
・育成者権者以外の者が、育成者権者から登録品種と特性により明確に区別されない品種の種苗を譲り受けた場合において、当該種苗を用いて得られる収種物を生産する行為
・育成者権者以外の者が、登録品種の種苗を試験又は研究のために利用する行為
・育成者権者以外の者が、登録品種の種苗を譲渡するために保管する行為",115,,
116,06種,o/o/x業として譲渡されてから(育成完了の規定はない)/o,"X社の開発担当者は、新品種の「いちご」について、種苗法に基づく品種登録 を検出している。品種登録手続に関して、
ア 品種登録の出願者は、原則として、出願1件毎に所定の出願料を納付しなければならない。 
イ 農林水産大臣は、品種登録出願について拒絶しようとするときは、その出願 者に対し、拒絶理由を通知し、相当の期間を指定して、意見書を提出する機 会を与えなければならない。
ウ 品種登録の出願は、当該品種の育成を完了してから1年以内に行う必要があ る。
工 農林水産大臣は、品種登録の出願を受理したときは、当該出願について出願 公表をしなければならない。",116,,
117,06種,x特許と品種登録は別/o/x/x特許権は効力あり(イミフ),"種苗会社X社の研究者甲は、品種Aの品種改良に成功し、その成果をどのように保護するかについて、知的財産部の部員乙に相談した。乙の回答
・「品種改良の成果に関して、特許出願又は品種登録出願のいずれもすることが できますが、先に品種登録出願をすると、特許出願がその品種登録出願の存 在により先願を理由に拒絶されることがあります。」
・「品種改良の成果に関して、品種登録を受けた場合であっても、他人がその品 種に関する発明について特許を受けた場合には、当該他人の特許発明の実施 に育成者権の効力が及ばないことがあります。」
・「品種登録を受けるには、出願時に日本国内で公知の品種から、明確に区別で きなければなりませんので調査が必要ですが、海外で公知の品種については 特に調査は必要ありません。」
・「品種改良の成果に関して、特許を受けた場合であっても、他人がその品種に 関して品種登録を受けた場合には、当該他人の育成者権に基づく登録品種の 種苗の利用に特許権の効力が及ばないことがあります。」",117,,
119,06税,x税関長/o証明責任あり/x検査申請可能/xとりやめの求めは可能(イミフ),"オートバイメーカーX社は、オートバイに関する意匠権Dを有している。 X社の中国駐在員甲からX社の知的財産部員の乙に対して、
中国でオートバイAに類似するオートバイBが販売されており、Y社がオートバイBを輸入しようと していることが知らされた.
乙の考え:
・Y社のオートバイBの輸入を差し止めるために、X社は特許庁長官に証拠を提出し、認定手続をとるように申し立てることができる。
・X社の認定手続の申立ての際には、意匠権Dが有効であることを明らかにする必要がある。
・X社は、オートバイBの見本の検査をすることを承認するように申請することはできない。
・Y社は、X社から認定手続の申立てがあった場合、その認定手続の取りやめを求めることはできない。",119a,,
120,06弁,x商標登録料納付は誰でも可/x担当事件の相手方の依頼は受けれない/o審決取消訴訟は単独OK/x個人OK,"弁理士の業務に関して、
・弁理士でなければ、商標権の登録料の納付を業として行うことはできない。
・弁理士が特許無効審判の請求に関して相談を受け、対処方針等の助言を与え た後であっても、当該特許無効審判において相手方となる特許権者の代理人 となることができる。
・弁理士は、弁護士と共同でなくても、裁判所において特許無効審決の取消し を求める訴訟の代理人となることができる。
・弁理士が特許出願の代理を業として行う場合、弁理士法人として行う必要が ある。",120i,,
201,01特,x審判官3名の合議/o/x法的拘束力なし/x法的拘束力なし,"特許法に規定する判定に関して、
・判定は、審判官ではなく審査官により行われる。
・特許発明の技術的範囲について、特許庁に対し、判定を求めることができる。 
・判定の決定について、経済産業大臣に対して不服申立てをすることができる。 
・裁判所は、判定の決定に従わなければならない。",,,
202,05著,b/b/a,"職務著作 (プログラムの著作物を除く)に関する文章:
法人その他使用者の[1]に基づきその法人等の業務に従事する者が職務上作成する著作物で、その法人等が自己の著作の名義の下に公表するものの著作 者は、その[2]の時における契約、勤務規則その他に別段の定めがない限 り、その[3]とする。

[1] = 指図 or 発意
[2] = 公表 or 作成
[3] = 法人等 or 作成者及び法人等",,,
203,05著,x集合著作物(共同は分離できないもの)/o/xどちらか/xどちらか,"著作物に関して、
・共同著作物であるためには、二人以上の者が共同して創作した著作物であって、その各人の寄与を分離して個別的に利用することができるものでなければならない。 
・二次的著作物であるためには、その元になったものも著作物でなければならない。
・編集著作物であるためには、その素材の選択と配列の両方に創作性がなけれ ばならない。
・データベースの著作物であるためには、その情報の選択と体系的な構成の両方に創作性がなければならない。",,,
204,01特,a/b/a,"出願審査請求に関する文章:
特許出願について、何人もその出願日から3年以内に出願審査請求をすることで[1]を受けることができ、その請求は取り下げることが[2]。また、出願審査請求がされなかった特許出願は[3]。

1 = 実体審査 or 方式審査
2 = できる or できない
3 = 取り下げられたものとみなされる or 無効となる",,,
205,06民,o/o/o/x契約不適合責任の採用は任意,"契約に関して、
・売買契約上の支払義務について同時履行の抗弁権を行使できる場合には、 行期を過ぎても代金に関して遅延損害金の支払義務は発生しない。
・契約において損害賠償責任について明示していない場合、契約の相手方に対 して、債務不履行に基づく損害賠償を請求することができる。
・相手方が契約内容を履行しない場合に契約を解除したときは、解除の効力は 契約のときに遡って発生し、契約上の債権、債務は遡及的に消滅する。
・売買契約において、目的物が契約の内容に適合しなかった場合に、売主側は 法律上の責任を負わないとする特約を結ぶことはできない。",,,
206,04条,x不利にはならないがこの規定はない(イミフ)/x12/x6/o,"パリ条約に規定する優先権制度に関して、
・いずれかの同盟国にされた先の出願から優先期間内に他の同盟国にされた後 の出願は、最初の出願の出願日にされたものとみなす旨が規定されている。
・優先期間について、特許出願は6ヵ月とする旨が規定されている。 
・優先期間について、意匠登録出願については3ヵ月とする旨が規定されている。
・いずれかの同盟国において実用新案登録出願に基づく優先権を主張して意匠登録出願をした場合には、優先期間は、意匠登録出願について定められた優先期間とする旨が規定されている。",,,
207,02意,x試験研究は対象外/x行使可能/o/x間接侵害に該当,"・意匠権者は、試験または研究を目的として登録意匠を実施する者に対しても権利行使することができる。
・意匠権者は、他人が実施する意匠が当該他人の後願に係る登録意匠に類似する意匠でありかつ自己の登録意匠に類似する場合、当該他人の意匠の実施行為に対して自己の意匠権に基づいて権利行使をすることはできない。 
・意匠権者は、本意匠の意匠権と関連意匠の意匠権を有している場合、当該開 連意匠の意匠権に基づいて権利行使をすることができる。
・業として、登録意匠又はこれに類似する意匠に係る物品の製造にのみ用いる 物を譲渡する行為は、意匠権を侵害するものとみなされない。",,,
208,03商,x2/o/o/o,"商標法に規定する審判又は登録異議の申立てに関して、
・何人も、商標揭載公報の発行の日から3ヵ月以内に限り、登録異議の申立て をすることができる。
・何人も、二以上の指定商品に係る商標登録に対して、指定商品毎に商標法第 50条第1項(不使用取消審判)に規定する審判を請求することができる。
・何人も、商標法第51条第1項(商標権者による不正使用取消審判)に規定する 審判を請求することができる。
・何人も、商標法第53条第1項(使用権者による不正使用取消審判)に規定する 審判を請求することができる。",,,
209,05著,x複製権・公衆送信権/o/o/o,"著作権等に関して、
・譲渡権を有する者は、出版権を設定することができる。
・無名の著作物の著作権は、その著作物の公表後70年を経過するまでの間、存続する。
・第一公表年月日の登録がされている著作物は、 登録に係る年月日において最初の公表があったものと推定される。
・共同著作物に係る著作権について、各共有者は、他の共有者の同意を得なけ れば、その持分を譲渡することができない。",,,
210,06種,o/x進歩性は不要/o/o,"特許制度と品種登録制度に関して、
ア 特許制度と品種登録制度とは、試験又は研究を目的とした実施又は利用に対 しては排他的な権利が及ばない点で共通する。
イ 品種登録の要件の1つとして、特許要件と同様に、進歩性を有することが必 要とされる。
ウ 特許制度は、発明という技術的思想の創作を保護対象とするのに対し、品種 登録制度は、植物の新品種という植物体の集合を保護対象とする点で相違す る。
エ 特許権の存続期間の終期は、出願の日から起算するのに対し、育成者権の存 続期間の終期は、登録の日から起算する点で相違する。",,,
211,05著,x私的使用以外はNG/o/o/o,"著作権の制限に関して、
ア 私的使用目的で作成された複製物は、当該目的以外の目的のためであっても 公衆へ提示することができる。
イ 私的使用目的であれば、著作物の複製のみならず、翻訳・翻案も自由に行うことができる。
ウ いわゆる「写り込み」に係る権利制限規定の対象となる行為には、伝達行為が含まれる。
エ 違法にアップロードされている言語の著作物を私的使用目的でダウンロードした場合、刑事罰の対象となることがある。",,,
212,06弁,o/x弁護士が受任している事件に限る/x誰でもOK/x届出不要,"弁理士法に関して、
・弁理士は、特許無効審決に対する審決取消訴訟の訴訟代理人となることができる。
・弁理士は、特定侵害訴訟代理業務についての付記登録がある場合には、特許侵害訴訟に関して、単独で訴訟代理人となることができる。
・弁理士でなければ、特許料の納付手続についての代理を行うことができない。
・弁理士は、特許出願の代理を行う場合、特許庁長官にその旨を届け出なければならない。",,,
213,01特,a/b/a,"特許出願に関する文章:
一定の条件を満たす場合には、複数の発明であっても、1つの出願とすることができる。このように1つの出願にまとめられる発明の範囲を[1]という。  
具体的には、「2以上の発明が同一の又は対応する [2] を有していることにより、これらの発明が単一の一般的発明概念を形成するように[3]している技術的関係」を有する場合に1つの出願とすることができる。

1 = 発明の単一性 or 出願の単一性
2 = 基本的な構成 or 特別な技術的特徴
3 = 連関 or 従属",,,
214,06独,o/o/xクロスライセンス(イミフ)/o,"独占禁止法に関して、
・公正取引委員会は、違反者に対し、違反行為を除く措置をとることや、課徴 金を納付することを命令できる。
・特許権の実施許諾契約において、実施権者に対して、契約終了後に特許権者 の競合品を販売することを制限することは、独占禁止法で規制される行為に 該当する場合がある。
・複数の特許権者が特定分野の特許について相互にライセンスしあう取決めを 「パテントプール」という。
・複数の同業者が競争を避けて、価格や販売数量などを共同で取り決め、協定 を結ぶことを「カルテル」という。",,,
215,01特,c,"特許出願の拒絶査定不服審判での争点になり得ないもの
・公衆衛生を害するおそれがある発明であるか否か。
・発明の単一性があるか否か。
・要約書の記載に誤記があるか否か。
・特許を受けようとする発明が発明の詳細な説明に記載があるか否か。",,,
216,01特,o/x審査請求から3年後or出願から5年後、医薬品などにも例外規定あり/x/x5年,"特許権の存続期間に関して、最も適切と考えられるものは どれか。
ア 国内優先権の主張を伴う特許出願に係る特許権の存続期間は、当該特許出願 の出願日から20年をもって終了する。
イ 特許権の存続期間は、当該特許権の設定の登録が、出願審査の請求があった 日から起算して3年を経過した日以後にされたときに限り、延長登録の出願 により延長することができる。
ウ 特許権の存続期間は、特許料の減免又は猶予がされたことを理由に短縮され ることがある。
I 特許権の存続期間は、医薬品等の特定分野の特許権に限り、3年を限度に延 長登録の出願をすることができる。",,,
217,02意,c,"意匠登録を受けられる可能性の高いものは?
・機能や作用効果を主目的としたもので、美感をほとんど起こさせない意匠
・他人の業務に係る物品等と混同を生ずるおそれがある意匠 
・物品の機能が表面に現れた形状を含む意匠 
・意匠登録出願前に意匠登録出願されている他人の意匠に類似する意匠",,,
218,01特,a/b,"IPランドスケープとは、積極的な経営戦略・[1] 戦略策定のために、知 財情報及び [2] を統合して分析した[1]環境と将来の見通しを経営陣・[1]責任者へ提示するものである。
[1] = 事業 or 知財
[2] = 技術情報(学術論文情報等) or 非知財情報(マーケティング情報等のビジネス関連情報)",,,
219,04条,a/b/a/b,"特許協力条約(PCT)に基づく国際出願についての国際調査について、
国際調査の対象は、 [1]国際出願である。 国際調査は、各国における通常の実体審査とは異なり、[2]を目的とする。国際調査報告は、[3]
なお、わが国の場合は、上記の国際調査報告とともに、発明の特許性に関する審査官の見解である[4]も作成される。

1=すべての or 1=国際調査の請求がなされた
2=特許性があるか否かを審査すること or 2 =関連のある先行技術を発見すること
3=国際出願の優先日から18ヵ月を経過した後に速やかに国際公開される or 3=指定官庁に送付され、国際公開されない or 3 = 出願人に送付され、国際公開されない
4=国際予備審査見解書 or =国際調査見解書",,,
220,05著,o/o/o/x営利目的・報酬支払はあってもいい,"「
日本国内で著作物を利用する場合には、原則として著作権者の許諾が必要である。
許諾が必要であるかどうかは以下のような手順に従う。
第1に、その著作物が日本の著作権法で保護されているものかどうかを確認する。
第2に、著作権が存続期間内のものであるかどうかを確認する。
第3に、著作物を自由に利用できる場合であるかどうかを確認する。
これらに該当するかどうかを確認してその著作物を自由に利用できない場合には、著作権者を調べ、利用の許諾を得ることが必要である。
」に続く文として、
・著作権法には著作物の登録制度が設けられているが、登録は著作権の発生のための要件ではなく、登録されていない著作物にも著作権が生じ得る。
・著作物の利用には、原則として利用の許諾を得ることが必要であるが、必ずしも著作物利用許諾契約書を作成しなくてもよい。
・著作物を自由に利用できる場合については、私的使用のための複製など、著作権法に具体的に列挙されている。
・営利を目的とするものではなく、著作権者に報酬を支払うものではなく、かつ、報道、批評、研究その他の引用の目的上正当な範囲内で行われるものである場合は、公表された著作物を引用して利用することができる。",,,
221,06民,o/x開示要求しちゃダメ/o/o,"営業秘密等の管理に関して、
・秘密として管理されている情報が、発明の新規性の判断における「公然知られた」 (特許法第29条第1項)情報に該当するものであっても、営業秘密として 保護される場合がある。
・他の会社からの転職者を採用するときには、 転職前の会社の営業秘密が混入 しないように管理する必要があるため、転職者に対して、転職前の会社の営 業秘密と自社の営業秘密を区別できるように、転職前の会社の営業秘密の開 示を要求する。
・不正競争防止法では、営業秘密以外に限定提供データも保護されるが、保護 される限定提供データは、秘密として管理されていることを要さない。
・従業者が体得した無形のノウハウや職務として記憶した顧客情報等を営業秘密として保護するためには、具体的に文書等に記載する形で、その内容を紙 その他の媒体に可視化することが望ましい。",,,
222,03商,x複数商品OK/o/x複数商標NG/x地域名必要,"商標登録出願の手続に関して、
・複数の指定商品又は指定役務を願書に記載して商標登録出願をすることはで きない。
・商標登録を受けるためには、願書に商標の詳細な説明を記載しなければなら ない場合がある。
・複数の商標を願書に記載して商標登録出願をすることができる。 
・地域団体商標は、地理的表示と同様、その商標中に地域の名称を含まなくて も登録を受けることができる。",,,
223,05著,a/b/a,"著作者が有する同一性保持権に関する文章:
同一性保持権とは、著作物及びその[1]の同一性を保持する権利であって、自分の著作物に[2]改変を受けない権利である。但し、著作物の性質 並びに [3] により、やむを得ないと認められる場合などは権利が及ばない。
[1] = 題号 or =二次的著作物 
[2] = 名誉又は声望を害する or =意に反する
[3] = 利用目的及び態様 or = 著作権の譲渡契約",,,
224,02意,x登録料1年分納付と同時でも可/x3/o/x創作者は従業者,"意匠登録出願に関して、
・秘密意匠の請求は、意匠登録出願と同時にする場合に限られる。
・拒絶査定を受けた場合、拒絶査定の謄本送達日から6ヵ月以内に拒絶査定不 服審判を請求することができる。 
・新規性のない意匠は登録を受けられないが、自己の行為に起因して意匠が公知となった場合に、意匠登録を受けることができる場合がある。
・法人の従業者が職務として意匠を創作した場合は、意匠登録を受ける権利は 法人に発生し、創作者は法人となる。",,,
225,01特,o/x過去も可/x/x取り決めなく使用者の通常実施OK,"職務発明に関して、
・従業者が雇用契約によりその職務発明について使用者に特許を受ける権利を得させた場合、従業者は相当の金銭その他の経済上の利益を受ける権利を有する。
・発明とは従業者がした発明であって、その性質上使用者の業務範囲に属し、かつ、その発明をするに至った行為がその使用者における従業者の現在の職務にのみ属する発明をいう。
・法人の取締役がなした発明が職務発明に該当することはない。 
・従業者がその職務発明について特許を受けた場合、雇用契約において予めそ の使用者に通常実施権を許諾する定めがなければ、使用者は通常実施権を取 得できない。",,,
226,01特,x3ヶ月/o/x高等/x3or5,"特許出願に対する拒絶査定不服審判に関して、
・審判の請求は、拒絶理由の通知があった日から30日を経過した後はできない。 
・審判の請求と同時に図面について補正があった場合には、審査官が審査を行 う。
・拒絶審決に対して不服がある場合には、東京地方裁判所に出訴することがで きる。
・審判の審理は、1人又は2人の審判官の合議体で行う。",,,
227,03商,o/x5/x2/x異議のあと無効審判は可能,"登録異議の申立て又は商標登録無効審判に関して、
・商標登録が神標法第4条第1項第11号 (先顧先登録)の規定に違反してされ たとき、利害関係人のみが、商標登録無効審判を請求できる。
・商標登録が商標法第3条第1項第2号(慣用商標)の規定に違反してされたと き、当該商標権の設定登録の日から3年を経過した場合には、商標登録無効 審判を請求する ことができない。
・商標掲載公報の発行の日から3カ月以内に限り、何人も、登録異議の申立て をすることができる。
・登録異議の申立てを行い、登録維持の決定がされた後は、同一の商標登録に 対して、商標登録無効審判を請求することができない。",,,
228,05著,o/x肖像権/x判例による/xパブリシティ権(商品化権は漫画キャラなどの商利用),"著作権の周辺の権利に関して、
・物の名称についてパブリシティ権は認められない。
・パブリシティ権とは、本人の承諾なしに、みだりにその容貌・姿態を撮影さ れたり、公表されたりしない権利である。
・肖像権は、著作権法上に規定されている権利である。
・商品化権とは、著名人が顧客吸引力を持つ氏名を営利目的で独占的に使用できる権利である。",,,
229,06税,x取りやめ可能/x税関長/x裁判所の判断不要/o,"税関における手続に関して、
・貨物を輸入しようとして特許権者から輸人差止めを申し立てられ、いったん 認定手続が執られた者は、税関長に対し、当該認定手続の取りやめを求める ことができない。
・貨物輸出又は輸入してはならない貨物」であると特許庁長官が判断した場 合には、輸出入禁止の貨物に該当するか否かを認定する手続を行う。
・特許権を侵害する貨物に該当すると税関長が認定したときは、裁判所の判決 に基づく場合に限り、当該貨物を没収できる。
・特許権者は、自己の特許権を侵害すると認める貨物が輸入されようとする場 合に、税関長に対し、当該貨物について、認定手続を執るよう申し立てるこ とができる。",,,
230,01特,x3年以内/x後の/o/x1年以内,"国内優先権の主張を伴う特許出願に関して、
・国内優先権の主張を伴う特許出願は、後の出願と同時に出願審査請求をする 必要がある。
・国内優先権の主張を伴う特許出願に係る特許権の存続期間は、先の特許出願 の日から20年をもって終了する。
・国内優先権の主張を伴う特許出願は、先の出願の日から1年6カ月を経過し たときに出願公開される。
・国内優先権の主張を伴う特許出願は、先の出願の日から1年4カ月以内にし なければならない。",,,
231,01特,o/o/o/x権利者が3年使ってなければいつでも可能,"知的財産権の侵害に関して、
・実用新案権者は、実用新案技術評価書を提示して警告した後でなければ、権利行使をすることができない。
・特許権の全範囲に専用実施権を設定した場合でも、特許権者は侵害者に対し て差止請求をすることができる。
・関連意匠に係る意匠権者は、当該関連意匠の侵害者に対して権利行使をする ことができる。
・商標権を侵害する旨の警告を受けた者は、当該警告を受けた日から起算して 3ヵ月以内に限り、不使用取消審判の請求をすることができる。",,,
232,05著,o/x貸与権ならある(イミフ)/x/x両方ある,"著作隣接権に関して、
・レコード製作者は、商業用レコードを用いた放送に関し、二次使用料を請求 する権利を有する。
・実演家は、映画の著作物を貸与する権利を有する。
・著作隣接権者は、著作隣接権の全部又は一部を譲渡することができない。
・放送事業者と有線放送事業者は、複製権を有するが送信可能化権は有しない。",,,
233,03商,x本人の許諾があればOK/x区分補正OK/o/x複数商標を含むのがNG,"商標登録出願に関して、最も適切と考えられるものはどれか。
・他人の著名な芸名を含む商標については、 商標登録を受けることができる場合はない。 
・出願に係る商標の指定商品の区分を変更する補正は、 正しい区分へ是正する補正であっても、要旨変更に該当し認められない。
・出願に係る商標が、簡単な図形など、極めて簡単で、かつ、ありふれた標章のみからなる商標である場合、識別力がない商標として登録を受けることができない。
・1つの出願に複数の商標が含まれている場合、商標登録出願を商標毎に分割することができる。",,,
234,05著,b/b/b,"著作権の存続期間は著作物の創作の時に始まり、[1]の死後70年を経過 するまで存続する。
無名又は変名の著作物の著作権の存続期間は、その著作物の [2] 後70年を経過するまで存続し、
映画の著作物に係る著作権の存続期間 は、その著作物の [3] 後70年を経過するまで存続する。

1= 著作権者 or 1=著作者
2 =創作 or 公表
3 =創作 or 公表",,,
235,03商,x不正競争に該当/x添付必須/x公開請求制度がない/o,"商標について、
・広く知られた他人の登録商標と類似する商標を使用した商品を販売した場合であっても、日本国内で最初に販売された日から3年を経過していれば、 不正競争防止法に基づいて、その販売が差し止められることはない。
・音の商標登録出願をする場合には、願書にその旨を記載すれば足り、願書に 所定の物件を添付する必要はない。
・出願公開の請求を行えば、出願日から1カ月を経過する前に、商標登録出願 が出願公開される場合がある。
・他人の商号を許可なく使用すると、それが商標登録されていないものであっ ても、不正競争防止法に基づいて、その使用が差し止められる場合がある。",,,
236,01特,x立証責任なし/o/o/o,"特許権等の侵害に関して、
・特許権に基づいて損害賠償請求する場合、常に特許権者は相手方の侵害行為 が故意又は過失でなされたことを立証しなければならない。
・特許発明の技術的範囲に属する製品を使用する行為が特許権の侵害とされる 場合がある。
・特許権者は、特許権を侵害したことにより特許権者の業務上の信用を害した 者に対して、裁判所に信用回復の措置を請求することができる。
・特許が物の発明についてされている場合において、その物を業として譲渡の ために所持する行為は、特許権の間接侵害とされる場合がある。",,,
237,03商,o/o/x商標権者のみ更新申請/o," 商標権の存続期間の更新登録に関して、
・商標権の存期間の更新登録の申請は、商標権の存期期間の満了前6ヵ月か ら満了の日までの間に行うことができる。 
・商標権者が、指定商品について登録商標を使用していない場合であっても、商 標権の存続期間の更新登録を受けることができる。
・商標権の専用使用権者は、商標権者の同意を得ることによって、その商標権 の存続期間の更新登録を申請することができる。
・商標権の存続期間は、何度も更新することができる。",,,
238,01特,o/x手数料は不要/x自社で実施したくなっても不可になるためよくない/x営業秘密とする方法もある,"特許戦略に関して、
・特許出願人は、出願公開後にその出願に係る発明を実施している者に対して、 特許出願に係る公開特許公報を提示して警告をし、特許権の設定登録後に補 償金の支払請求権を行使することができる。
・特許出願人は、特許庁に対して追加の手数料を支払うことで早期審査制度や 優先審査制度を利用することができる。
・特許権を取得したが自社では実施しない場合には、他者から申出があれば、特段の事情がない限り専用実施権の契約を締結することが望ましい。
・発明を完成させた場合には、特許権を取得する以外に発明を保護する方法がないため、必ず特許出願をするべきである。",,,
239,03商,x商標登録日/x(イミフ)/o/x商標権者は使えない,"商標権等に関して、
ア 商標権は設定の登録により発生し、 その存続期間は商標登録出願の日から10年である。 
イ 登録商標を、地理的表示法に基づく地理的表示として登録することはでき ない。
ウ 指定商品が二以上ある場合に、指定商品ごとに商標権を分割して移転することができる。
エ 専用使用権が設定された範囲内では、専用使用権者及び商標権者が登録商標を使用することができる。",,,
240,05著,o/o/x故意/o,"著作権の侵害・行使に関して、
・著作権を侵害している者だけでなく、侵害するおそれがある者に対しても差 止請求権を行使することができる。
・譲渡権者の許諾を得て公衆に譲渡された著作物の原作品又は複製物を公衆に 再譲渡する場合、譲渡権の効力は及ばない。
・過失により他人の著作権を侵害した者に対しては、刑事罰として懲役又は罰金が科せられる。
・法人の従業員が著作権を侵害した場合、その行為者とともに法人も罰金刑に処されることがある。",,,
302,01特,b/a/b,"自転車メーカーX社の開発者甲は、操作がしやすく持ちやすい形状のハンドル a及び漕ぎやすい工夫をしたペダルを備える自転車に係る発明Aを自ら完成し た。X社は、令和3年6月1日に発明に係る請求項1つを記載して、特許出顧 Bを行った。特許出願Bについて、出願審査請求をすべきか否かを判断するため に調査を行ったところ、事実1~4が判明した。

事実1: 令和2年12月1日に出願された特許出願Cは、早期公開が請求され、令和3年5月20日に出願公開されていた。特許出願Cに係る明細書及び図面に発明Aと同じ内容の発明が記載されていたが、特許請求の範囲には その発明は記載されていなかった。
事実2: 令和元年12月20日に米国で出願された米国特許出願Dは、令和3年6 月21日に米国で出願公開されていた。米国特許出願Dに係る明細書及び 図面に発明Aと同じ内容の発明が記載されていたが、特許請求の範囲に はその発明は記載されていなかった。
事実3: 令和3年3月1日に発行された雑誌の記事Eに、aと同じ形状のハンド ルを有する自転車メーカーY社のレース用自転車が掲載されていた。但 し、その記事にはペダルに関して記載されていなかった。
事実4: 令和3年5月6日に発行された公開特許公報Fに、自転車メーカーW社 の乙が発明し、かつ、ペダルと同じ工夫がされたペダルを有する子供 用自転車が記載されていた。但し、その公報Fにはハンドルに関して記 載されていなかった。

[事実1] 拒絶理由に該当しない or 新規性の拒絶理由に該当する or 先願の拒絶理由に該当する
[事実2] 拒絶理由に該当しない or 新規性の拒絶理由に該当する or 先願の拒絶理由に該当する
[事実3・4] 拒絶理由に該当しない or 進歩性の拒絶理由に該当する or 先願の拒絶理由に該当する",,,
308,03商,a/b/b(区分変更はOK、指定商品の追加はNG),"布製品メーカーX社は、新商品として「タオル」、「ハンカチ」「ふろしき」及び「帯」を開発し、これらの新商品の商品名を検討している。
商品名として、営業部から「ぶじやま」が提案された。X社の知的財産部の部員甲は、これらの 商品について商標登録出願を検討した。
その結果について、知的財産部の部長乙 にしている。
なお、商品区分として、「タオル」「ハンカチ」及び「ふろしき」は第21類、「帯」は第25類に属し、「タオル」と「ハンカチ」 は類似商品である。

発言1 「新商品「タオル」及び「ハンカチ」と、「帯」とは異なる商品区分です。従っ て、全商品を一の商標登録出願に指定商品として指定することはできま せん」
発言2 「商標登録を受けようとする商標として、特殊なフォントで記載した「ぶじやま」の文字について商標登録出願をした後であっても、
願書に標準文字の欄を追加し、「ぶじやま」の文字のフォントを通常のフォントに補正 することができます。」
発言3 「商標「ぷじやま」について、指定商品『第25類 タオル、ハンカチ』との み区分を記載して商標登録出願をした後に、指定商品「第24類 タオル、 ハンカチ、ふろしき」に補正で変更できます。」

[発言1] 複数の商品区分を指定できる or 複数の商品区分を指定すると拒絶理由の対象となる or 複数の商品区分を指定すると補正命令の対象となる
[発言2] 拒絶理由の対象 or 要旨変更補正に該当 or 要旨変更補正に該当しない
[発言3] 拒絶理由の対象 or 要旨変更補正に該当 or 要旨変更補正に該当しない",,,
316,05著,a/b/b,"甲は、コンテンツA~Cの利用方法について、発言 1-3をしている。

発言1 「コンテンツは、気象庁の統計データに基づいて乙が作成した、東京都 における過去10年間の局地的大雨の発生件数を示した表です。
　地球温暖 化に関する論文において、局地的大雨の発生件数と気温の上昇の関係を 比較するため、この表中にあるデータだけを使用したいと思います。
　この場合、乙の許諾なくデータを使用することはできません。」
発言2 「コンテンツBは、有名音楽家丙が作詞作曲し、人気アイドル丁の歌唱によ り公表されたヒット曲です。
　私が勤務する小学校の学芸会において、担当 するクラスの児童たちにこれを歌わせたいと思います。
　この学芸会は、営 利を目的とせず、来場者から料金を受けず、かつ、児童たちに報酬を支払 うこともありません。
　この場合、事前に丙の許諾を得る必要があります。」
発言3 「コンテンツCは、戊が過去10年間の全国の大学入試で出題された英単 語から2000語を選択して、
　来年度の出題可能性が高いと考えられる肌に 並べた単語集で、書店で販売されているものです。
　私が経営する塾で使 用したいと思いますが、生徒3人だけなので、1冊購入して、生徒の人 数分だけコピーして配布しようと思います。
　この場合、高校生の学習の ためなので、戊の許諾なく単語集をコピーすることができます。」

[発言1] 著作物ではない or 著作物で著作権侵害にあたる or  著作物だが著作権の制限にあたる
[発言2] 著作権の制限にあたらない or  著作権の制限にあたる or 実演家の肖像権またはパブリシティ権の侵害にあたる
[発言3] 著作物ではない or 著作物で著作権侵害にあたる or  著作物だが著作権の制限にあたる",,,
319,01特,x/o/o/o(流通品は間接侵害にならない),"ドローンメーカーX社は、ドローンの姿勢制御を行う電子部品Aを備えるドロ ーンに係る特許権Pを有している。
一方、電子部品メーカー社は、電子部品A と同じ電子部品BをX社に無断で製造販売している。
X社は、Y社に対して特許 権侵害の警告を行うか否かを検討している。
X社の知的財産部の部員の発言として、
ア「特許権Pはドローンに関するものですが、Y社は電子部品Bを製造販売して いるだけで、特許権Pに係る特許発明のすべてを実施しているわけではあり ません。従って、Y社の実施行為は、特許権の侵害となることはありませ ん」
イ 「米国のW社がわが社と同じような電子部品に関する発明について、特許権 P に係る特許出願をする前に米国で販売を開始していたとの情報があります。 念のため、Y社に警告する前にW社の販売の詳細を確認しましょう。」
ウ「電子部品Bは、特許権Pに係るドローンにのみ用いることができる電子部品 である場合、Y社の実施行為は、特許権Pの間接侵害に該当します。」
エ「電子部品Bは、特許権Pに係る特許発明の課題の解決に不可欠なものであっ たとしても、電子部品Bが日本国内で広く一般に流通している場合、Y社の 実施行為は特許権Pの間接侵害に該当しません。」",,,
320,02意,x/o/x(出願人創作者の氏名住所と物品記載は必須)/x(図面は省略可),"ヘルスケアメーカーX社は、新規なマスクaを創作し、マスクaのデザインに ついて意匠登録出願Aを検討している。X社の知的財産部の 部員の考えとして、
ア X社がマスクを展示会に出品した場合、新規性喪失の例外の適用を受ける ことはできない。
イ 新規性喪失の例外の適用を受ける場合、当該適用を受けたい旨を記載した書 面を、意匠登録出願Aと同時に特許庁長官に提出しなければならない。
ウ 出願書類の内容からマスクに係る意匠であることが明らかなので、 おいて「意匠に係る物品」の欄の記載を省略することができる。
I 意匠登録出願Aをするにあたり、意匠を現した写真を提出する場合であって も図面の提出を省略することはできない。",,,
321,05著,x差止は著作権者の甲のみ/x譲渡時に翻翻編変は留保/o著作権は文化庁に移転登録可能/x人格権は譲渡不可だが行使しない契約は可能,"X社は、自社の新たなマスコットキャラクターAの創作をフリーデザイナーの 甲に発注し、完成した際に報酬を甲に支払うことを約束した。X社の法務部の部 員乙は、X社と甲が交わす契約書の内容について、X社がなるべく制約を受けず に、Aを広い範囲で利用できるよう、契約を締結したいと考えている。乙の発言として、
ア「全世界で、期間、数量、方法等の制限なく、複製、公衆送信の他あらゆる方 法でX社及びX社が認めた者がAを利用できるよう、甲から許諾を得ておく ことが考えられます。この場合、第三者がAを無断で利用した場合、X社は その者に利用の差止請求をすることができます。」
イ 「「甲は、Aに生ずるすべての著作権を何らの制約なくX社に譲渡する」と規定 しておくことが考えられます。ただし、この規定だと、Aの翻案権及びAを 翻案した著作物の利用権は甲に留保されたものとみなされますので、注意が 必要です。」
ウ 「Aの著作権を甲から譲渡してもらう契約を甲と交わしただけでは、X社がA を確実に利用できる保証はありません。Aの著作権の移転は登録ができます ので、第三者に著作権が二重譲渡された場合に備えて登録しましょう。」
エ「甲にはAに係る著作者人格権が帰属します。この権利は甲の一身に専属しま すので、その権利をX社に譲渡する契約及びその権利を甲に対して行使しな いことを約する契約は、いずれも無効と解されています。よって、X社がA を利用するにあたり、氏名表示権、同一性保持権に関しては、甲の意向を尊 重する以外の手段はありません。」",,,
323,05著,,,,,
327,05著,x70/o差止は著作権者の乙のみ/x乙の上映権/x乙の同一性保持権,"甲は、 乙が映画監督を務め自主製作した実写の映画Aのフィルムを所有してい 映画Aは公開されなかったため、甲は映画Aのフィルムを用いた上映会の開 備を検討している。なお、甲は、乙から映画Aに係る著作権の譲渡を受けていないも のとする。
甲の考えとして、
ア 映画Aは50年前に製作されているので、甲は、乙の許諾を得ることなく映画 Aを上映することができる。
イ 映画Aが上映され、当該上映会で盗撮されたと考えられる映画Aが、違法動 画サイトにアップロードされた場合、甲は、当該違法動画サイトの管理者に 対して差止請求をすることはできない。
ウ甲は、映画愛好家50名程度を募集し、自宅近くのホールで映画の上映会を 行うことを企画している。乙が映画Aの上映に反対したとしても、甲は、映 画Aの上映をすることができる。
I 映画Aは150分を超える長編のため、甲は、上映会用に120分程度に編集す ることができる。",,,
330,01特,x/x/x/o転職前は過去の職務に含まない,"音響機器メーカーX社の従業員であった技術者甲は、スピーカーの開発を職務 とし、新型のスピーカーAの開発に従事していた。その後、甲は、X社を退社し、 X社と同種のスピーカーを製造しているY社にスピーカーの開発担当として転職 した。甲は、Y社においてスピーカーAに係る発明Bを完成させた後、自ら特許 出願をして発明に係る特許権を取得した。
また、Y社は、スピーカーの製造 販売を開始した。但し、 Y社には職務発明に関する規程がなかったものとする。
ア 発明Bは、実質的に、X社における甲の開発行為、及び、Y社における甲の 開発行為を通じて完成されたものであることから、X社もY社も職務発明に 基づく通常実施権を有する。
イ 発明Bは、甲がY社に転職した後に甲によって完成されたものであるが、一 方でX社における甲の過去の職務に属するものであり、X社には職務発明の 予約承継に関する規程があったことから、X社は職務発明に基づく通常実施 権を有する。
ウ発明Bは、X社における甲の過去の職務に属するものであり、また、甲がY 社に転職した後に甲によって完成されたものであるから、X社もY社も職務 発明に基づく通常実施権を有しない。
I 発明Bは、甲がY社に転職した後に甲によって完成されたものであり、Y社 における甲の現在の職務に属するものであるから、Y社は職務発明に基づく 通常実施権を有する。",,,
331,02意,x秘密意匠は警告後に差止、猶予は不要/x秘密意匠の期間変更OK/o先使用権は出願時の先行販売(準備含む)/x秘密意匠は立証義務あり,"健康器具メーカーX社は、マッサージ器Aに係る秘密意匠の意匠権Dを取得し た。その後、X社がマッサージ器Aを発売する直前になって、意匠権Dの秘密期 間経過前において、ライバルメーカーのY社が、マッサージ器Aと類似するマッ サージ器Bを製造販売していることがわかった。
ア 意匠権Dは意匠掲載公報が発行されていないため、意匠権Dの秘密期間内に マッサージ器Bの製造販売行為について差止めを請求する場合には、Y社に 対して一定の猶予期間を与える必要がある。
イ X社は、意匠権Dの設定登録後に、秘密期間を短縮することはできない。 
ウ 意匠権Dに係る意匠登録出願の時点で、Y社によるマッサージ器Bの製造販 売が現に日本国内で行われていた場合には、Y社は意匠権Dについて先使用 権を有する場合がある。
I 意匠権を侵害した者は、侵害行為について過失があったものと推定されるの で、意匠権Dに基づく権利行使において、X社は、Y社の過失を立証する必 要はない。",,,
337,05著,c/f/a,"ゲームクリエーターの甲がX社の知的財産部の部員乙と会話
甲「人気競走馬Aの名称は、全国的に著名ですが、これをビデオゲームの中で使 用することについては、馬主の許諾が必要ですか。」
乙「最高裁平成16年2月13日判決によると、このような場合に、いわゆる物の [1] は認められなかったので、馬主の許諾は不要だと考えられます。」
甲「物ではなく、芸能人や有名人の名称や肖像について使用する場合は、 [1] は認められますか。」
乙「最高裁平成24年2月2日判決によると、専ら著名人の肖像等が有する [2] の利用を目的とするといえる場合には、[1] は認められ、利用するために許諾は必要だと考えられます。
なお、著名人が有するこの [1] の権利の性質としては [3] に由来する権利と扱われています。」
[1] 人格権 or 肖像権 パブリシティ権 or 財産権 or 商業的価値 or 顧客吸引力
[2] 人格権 or 肖像権 パブリシティ権 or 財産権 or 商業的価値 or 顧客吸引力
[3] 人格権 or 肖像権 パブリシティ権 or 財産権 or 商業的価値 or 顧客吸引力",,,
601,01特,d/d/e/a/f/b/g/a/a,"特許出願について
新規性喪失の例外(公知から[1]以内)、国内優先権の主張(出願から[2]以内)、補正は[3]以内
[4]の[5]後に公報掲載
[6]の[7]以内に審査請求([8a]・しないと[8b]扱い)
実体審査(by審判官・審査官)
[1] = 30日 or 2ヶ月 or 3ヶ月 or 1年 or 1年4ヶ月 or 1年6ヶ月 or 3年
[2] = 30日 or 2ヶ月 or 3ヶ月 or 1年 or 1年4ヶ月 or 1年6ヶ月 or 3年
[3] = 30日 or 2ヶ月 or 3ヶ月 or 1年 or 1年4ヶ月 or 1年6ヶ月 or 3年
[4] = 先出願 or 後出願
[5] = 30日 or 2ヶ月 or 3ヶ月 or 1年 or 1年4ヶ月 or 1年6ヶ月 or 3年
[6] = 先出願 or 後出願
[7] = 30日 or 2ヶ月 or 3ヶ月 or 1年 or 1年4ヶ月 or 1年6ヶ月 or 3年
[8a] = 誰でも or 出願者のみ
[8b] = 取り下げ or 無効",,,
602,01特,g/a/a/c/b,"実体審査後
#OK査定→特許料([1]分、謄本送達[2]以内)→登録
#拒絶理由通知:最初or最後([3])→拒絶査定→拒絶査定不服審判(謄本送達[4]以内)→審決取消訴訟@[5]
[1] = 30日 or 2ヶ月 or 3ヶ月 or 1年 or 1年4ヶ月 or 1年6ヶ月 or 3年
[2] = 30日 or 2ヶ月 or 3ヶ月 or 1年 or 1年4ヶ月 or 1年6ヶ月 or 3年
[3] = 請求項か誤記のみ or 明細含む
[4] = 30日 or 2ヶ月 or 3ヶ月 or 1年 or 1年4ヶ月 or 1年6ヶ月 or 3年
[5] = 東京地裁 or 東京高裁 or 大阪地裁 or 大阪高裁",,,
603,01特,b/g/a/b/a/b,"特許運用について
[1]から[2]存続、更新の特許料納付は[3]
特許異議申し立て(公報から[4][5])、特許無効審判([6])
[1] = 先出願 or 後出願 or 登録
[2] = 3ヶ月 or 6ヶ月 or 1年 or 3年 or 4年 or 10年 or 20年 or 25年 or 30年
[3] = 前年中 or 半年前から
[4] = 3ヶ月 or 6ヶ月 or 1年 or 3年 or 4年 or 10年 or 20年 or 25年 or 30年
[5] = 誰でも or 利害関係者のみ
[6] = 誰でも or 利害関係者のみ",,,
604,02意,e/a/c/e/a,"意匠出願(新規性喪失の例外=公知から[1a]以内・出願時に意思表明・[1b]以内に証明)→公報公開
# 拒絶査定or補正却下→不服審判(謄本到達[2]以内)
# OK査定→登録料([3]分、謄本到達[4]以内)→登録
[1a] = 30日 or 2ヶ月 or 3ヶ月 or 6ヶ月 or 1年 or 3年 or 10年 or 20年
[1b] = 30日 or 2ヶ月 or 3ヶ月 or 6ヶ月 or 1年 or 3年 or 10年 or 20年
[2] = 30日 or 2ヶ月 or 3ヶ月 or 6ヶ月 or 1年 or 3年 or 10年 or 20年
[3] = 30日 or 2ヶ月 or 3ヶ月 or 6ヶ月 or 1年 or 3年 or 10年 or 20年
[4] = 30日 or 2ヶ月 or 3ヶ月 or 6ヶ月 or 1年 or 3年 or 10年 or 20年",,,
605,02意,a/c/a/c/a/c,"意匠登録の運用
[1]から[2]存続、更新の登録料納付は[3]
異議申し立て([4])、無効審判([5])、実施義務([6])
[1] = 出願 or 登録
[2] = 10年 or 20年 or 25年
[3] = 前年中 or 半年前から
[4] = 誰でも or 利害関係者のみ or 存在しない
[5] = 誰でも or 利害関係者のみ or 存在しない
[6] = 3年不使用 or 6年不使用 or 存在しない",,,
606,03商,c/g/a,"商標出願→公報掲載
# 補正却下→補正却下決定不服審判(謄本到達[1]以内)
# OK査定→登録料([2]年分・半分納可、謄本到達[3]以内)→登録
[1] = 30日 or 2ヶ月 or 3ヶ月 or 6ヶ月 or 1年 or 3年 or 10年 or 20年
[2] = 30日 or 2ヶ月 or 3ヶ月 or 6ヶ月 or 1年 or 3年 or 10年 or 20年
[3] = 30日 or 2ヶ月 or 3ヶ月 or 6ヶ月 or 1年 or 3年 or 10年 or 20年",,,
607,03商,b/g/d/b/a/b/b/a/f/a,"商標登録の運用
[1]から[2]存続、更新は[3]前から権利者が何度でも
異議申し立て(公報から[4][5])、無効審判([6])、
不正使用取消審判([7])、不使用取消審判([8]不使用時[9])
[1] = 出願 or 登録
[2] = 30日 or 2ヶ月 or 3ヶ月 or 6ヶ月 or 1年 or 3年 or 10年 or 20年
[3] = 30日 or 2ヶ月 or 3ヶ月 or 6ヶ月 or 1年 or 3年 or 10年 or 20年
[4] = 30日 or 2ヶ月 or 3ヶ月 or 6ヶ月 or 1年 or 3年 or 10年 or 20年
[5] = 誰でも or 利害関係者のみ
[6a] = 登録3年以内 or  登録5年以内 or 登録10年以内
[6b] = 誰でも or 利害関係者のみ
[7] = 誰でも or 利害関係者のみ
[8] = 30日 or 2ヶ月 or 3ヶ月 or 6ヶ月 or 1年 or 3年 or 10年 or 20年
[9] = 誰でも or 利害関係者のみ",,,